skill1,skill2,skill3,organization
System Thinking,Blood Administration,Data Management,Aberdeen City Health and Social Care Partnership
Diet Management,Data Management,Family Education,Association for Nutrition
Lab Testing,Diet Planning,Critical Thinking,British Nutrition Foundation
Consulting,Diet Management,Leadership,Community Food Initiatives North East (CFINE)
GMP,Food Preparation,Safety Worker,Dawn Fresh Seafood
Meal Planning,Nutrition Advising,Leadership,Edinburgh Community Food
Food Preparation,Nutrition Planning,Communication,Farne Salmon and Trout
Home Care,ICU,Empathy,Flipany
Design Nutrition Programs,Diet Management,Advising,Food Standards Scotland
Food Preparation,Menu Planning,Communaication,Genius Foods
Vaccine Distribution,Disease Transmission,Data Analysis,Glasgow Caledonia University
Substance Abuse,Medications,Data Analysis,Institute of Basic Medical Sciences - Univeristy of Oslo
Advising,Consulting,Diet Planning,Joseph Robertson
Disease Transmission,Substance Abuse,Teamwork,King's College London
